<?xml version="1.0" encoding="UTF-8"?>
<metadata xml:lang="en"><Esri><CreaDate>20231116</CreaDate><CreaTime>15390800</CreaTime><ArcGISFormat>1.0</ArcGISFormat><SyncOnce>TRUE</SyncOnce><DataProperties><lineage><Process ToolSource="c:\program files (x86)\arcgis\desktop10.8\ArcToolbox\Toolboxes\Spatial Analyst Tools.tbx\StreamToFeature" Date="20231116" Time="135524">StreamToFeature StreamO_Con_1 FlowDir_Fill1 C:\Users\Francis\Documents\ArcGIS\Default.gdb\StreamT_StreamO1 SIMPLIFY</Process></lineage></DataProperties></Esri></metadata>
